{
  "model": {
    "type": "minecraft:condition",
    "model": "minecraft:item/totem_of_undying",
    "property": "minecraft:has_component",
    "component": "minecraft:custom_data",
    "on_true": {
      "type": "minecraft:select",
      "property": "minecraft:component",
      "component": "minecraft:custom_data",
      "cases": [
        {
          "when": "{test:1}",
          "model": {
            "type": "minecraft:model",
            "model": "minecraft:item/totem_of_undying_pineapple"
          }
        }
      ],
      "fallback": {
        "type": "minecraft:model",
        "model": "minecraft:item/totem_of_undying",
        "tints": []
      }
    },
    "on_false": {
      "type": "minecraft:model",
      "model": "minecraft:item/totem_of_undying",
      "tints": []
    }
  }
}